{
  "Baseline_Ratio_Cobertura": {
    "0": {
      "precision": 0.9865771812080537,
      "recall": 0.9735099337748344,
      "f1-score": 0.98,
      "support": 151.0
    },
    "1": {
      "precision": 0.9344262295081968,
      "recall": 0.9661016949152542,
      "f1-score": 0.95,
      "support": 59.0
    },
    "accuracy": 0.9714285714285714,
    "macro avg": {
      "precision": 0.9605017053581253,
      "recall": 0.9698058143450443,
      "f1-score": 0.965,
      "support": 210.0
    },
    "weighted avg": {
      "precision": 0.9719252471590463,
      "recall": 0.9714285714285714,
      "f1-score": 0.9715714285714284,
      "support": 210.0
    }
  },
  "LogisticRegression": {
    "0": {
      "precision": 0.949685534591195,
      "recall": 1.0,
      "f1-score": 0.9741935483870968,
      "support": 151.0
    },
    "1": {
      "precision": 1.0,
      "recall": 0.864406779661017,
      "f1-score": 0.9272727272727272,
      "support": 59.0
    },
    "accuracy": 0.9619047619047619,
    "macro avg": {
      "precision": 0.9748427672955975,
      "recall": 0.9322033898305084,
      "f1-score": 0.950733137829912,
      "support": 210.0
    },
    "weighted avg": {
      "precision": 0.963821503444145,
      "recall": 0.9619047619047619,
      "f1-score": 0.961011031978774,
      "support": 210.0
    }
  },
  "DecisionTree": {
    "0": {
      "precision": 0.9932432432432432,
      "recall": 0.9735099337748344,
      "f1-score": 0.9832775919732442,
      "support": 151.0
    },
    "1": {
      "precision": 0.9354838709677419,
      "recall": 0.9830508474576272,
      "f1-score": 0.9586776859504132,
      "support": 59.0
    },
    "accuracy": 0.9761904761904762,
    "macro avg": {
      "precision": 0.9643635571054925,
      "recall": 0.9782803906162307,
      "f1-score": 0.9709776389618288,
      "support": 210.0
    },
    "weighted avg": {
      "precision": 0.977015610080126,
      "recall": 0.9761904761904762,
      "f1-score": 0.976366189804925,
      "support": 210.0
    }
  },
  "RandomForest": {
    "0": {
      "precision": 0.9316770186335404,
      "recall": 0.9933774834437086,
      "f1-score": 0.9615384615384616,
      "support": 151.0
    },
    "1": {
      "precision": 0.9795918367346939,
      "recall": 0.8135593220338984,
      "f1-score": 0.8888888888888888,
      "support": 59.0
    },
    "accuracy": 0.9428571428571428,
    "macro avg": {
      "precision": 0.9556344276841171,
      "recall": 0.9034684027388035,
      "f1-score": 0.9252136752136753,
      "support": 210.0
    },
    "weighted avg": {
      "precision": 0.9451388008619596,
      "recall": 0.9428571428571428,
      "f1-score": 0.9411273911273911,
      "support": 210.0
    }
  },
  "XGBoost": {
    "0": {
      "precision": 0.974025974025974,
      "recall": 0.9933774834437086,
      "f1-score": 0.9836065573770492,
      "support": 151.0
    },
    "1": {
      "precision": 0.9821428571428571,
      "recall": 0.9322033898305084,
      "f1-score": 0.9565217391304348,
      "support": 59.0
    },
    "accuracy": 0.9761904761904762,
    "macro avg": {
      "precision": 0.9780844155844155,
      "recall": 0.9627904366371085,
      "f1-score": 0.970064148253742,
      "support": 210.0
    },
    "weighted avg": {
      "precision": 0.9763064316635746,
      "recall": 0.9761904761904762,
      "f1-score": 0.9759970132030004,
      "support": 210.0
    }
  }
}