,count,mean,std,min,25%,50%,75%,max
Ventas_Unidades,1200.0,140.03583333333333,50.71044442338189,77.0,98.0,109.0,196.0,246.0
Stock_Actual,1200.0,1044.5783333333334,555.8783990460448,50.0,567.0,1038.0,1518.0,1999.0
Lead_Time_Dias,1200.0,4.5,0.8663864733868616,3.0,4.5,5.0,5.0,5.0
Precio_Combustible_MXN,1200.0,23.516216666666665,0.5041944364498794,21.76,23.17,23.5,23.86,24.98
Costo_Quiebre_Stock_Diario,1200.0,10800.0,3430.7154025768295,8000.0,8000.0,8000.0,15000.0,15000.0
Costo_Transferencia_Unidad,1200.0,10.456758333333333,1.025548731215296,7.14,9.74,10.51,11.19,13.61
