CEDI,riesgos,registros,tasa_riesgo
CEDI_Occidente,96,275,0.3490909090909091
CEDI_Bajio,85,275,0.3090909090909091
CEDI_Sur,84,275,0.3054545454545455
CEDI_Norte,53,285,0.18596491228070175
