SKU_ID,riesgos,registros,tasa_riesgo
HZ-Salsa-Verde-200g,104,222,0.46846846846846846
HZ-Salsa-Roja-200g,97,222,0.4369369369369369
HZ-Mole-Poblano-250g,47,222,0.21171171171171171
HZ-Atun-Agua-140g,40,222,0.18018018018018017
HZ-Champiñones-380g,30,222,0.13513513513513514
